Reference_sequence_segment,total_matching,hydrophobicity,isoelectic_point,instability,length,charge
SGYSS,1,-0.82,6.093198032584041,29.540000000000003,5,-0.0028661148255656466
YSSPG,2,-0.9800000000000001,6.093198032584041,134.4,5,-0.0028661148255656466
YSSPGS,4,-0.9500000000000001,6.093198032584041,113.66666666666667,6,-0.0028661148255656466
AGTYGL,2,0.4666666666666666,6.093198032584041,-19.96666666666667,6,-0.0028661148255656466
SGYSSP,2,-0.9499999999999998,6.093198032584041,99.51666666666667,6,-0.0028661148255656466
IIGLM,5,2.86,6.099999998230487,8.0,5,-0.0020157006072527572
ITPNVQ,1,-0.10000000000000002,6.099999998230487,8.333333333333334,6,-0.0020157006072527572
MPGAPLL,1,1.0999999999999999,6.099999998230487,86.72857142857141,7,-0.0020157006072527572
MPGAPL,2,0.6499999999999999,6.099999998230487,99.51666666666665,6,-0.0020157006072527572
QTAPVP,1,-0.2333333333333333,6.099999998230487,104.63333333333333,6,-0.0020157006072527572
PLQTPT,1,-0.7166666666666667,6.099999998230487,62.666666666666664,6,-0.0020157006072527572
GGGSVQ,3,-0.21666666666666665,6.099999998230487,49.46666666666667,6,-0.0020157006072527572
PGGGSVQ,1,-0.4142857142857142,6.099999998230487,43.82857142857143,7,-0.0020157006072527572
IQPSSP,2,-0.6333333333333334,6.099999998230487,177.86666666666667,6,-0.0020157006072527572
IPGFPA,1,0.9166666666666666,6.099999998230487,67.73333333333333,6,-0.0020157006072527572
SPGSPGT,1,-0.9000000000000002,6.099999998230487,121.98571428571428,7,-0.0020157006072527572
GAAPPGQ,1,-0.5571428571428572,6.099999998230487,51.471428571428575,7,-0.0020157006072527572
PGPPG,7,-1.12,6.099999998230487,46.52,5,-0.0020157006072527572
SSPAV,4,0.5599999999999999,6.099999998230487,172.92000000000002,5,-0.0020157006072527572
QPSSP,5,-1.6599999999999997,6.099999998230487,211.44,5,-0.0020157006072527572
LQTAP,1,-0.040000000000000036,6.099999998230487,111.72,5,-0.0020157006072527572
APLLP,2,1.2399999999999998,6.099999998230487,85.04,5,-0.0020157006072527572
TPSLPTPP,1,-0.6,6.099999998230487,80.975,8,-0.0020157006072527572
PSGTGP,2,-0.9166666666666666,6.099999998230487,12.133333333333335,6,-0.0020157006072527572
QPSGTGP,1,-1.2857142857142858,6.099999998230487,39.34285714285714,7,-0.0020157006072527572
PTPGSS,3,-0.9833333333333333,6.099999998230487,40.43333333333334,6,-0.0020157006072527572
SPQLAT,3,-0.16666666666666674,6.099999998230487,113.66666666666667,6,-0.0020157006072527572
PQLATL,5,0.6,6.099999998230487,40.43333333333334,6,-0.0020157006072527572
QLATLA,4,1.1666666666666665,6.099999998230487,8.333333333333334,6,-0.0020157006072527572
GMPGAP,5,-0.050000000000000044,6.099999998230487,99.51666666666665,6,-0.0020157006072527572
VSASLA,4,1.6666666666666667,6.099999998230487,8.333333333333334,6,-0.0020157006072527572
TPPSSG,6,-0.9833333333333334,6.099999998230487,104.63333333333333,6,-0.0020157006072527572
LPTPPT,3,-0.4000000000000001,6.099999998230487,72.53333333333335,6,-0.0020157006072527572
QPSGTG,6,-1.2333333333333334,6.099999998230487,44.23333333333333,6,-0.0020157006072527572
AFPGAP,1,0.46666666666666656,6.099999998230487,58.38333333333333,6,-0.0020157006072527572
PGSPGTPG,3,-0.9375,6.099999998230487,53.06249999999999,8,-0.0020157006072527572
PGSPGTP,3,-1.0142857142857145,6.099999998230487,59.21428571428571,7,-0.0020157006072527572
GSPGTPG,4,-0.8428571428571429,6.099999998230487,59.21428571428571,7,-0.0020157006072527572
SGMPGAP,1,-0.1571428571428572,6.099999998230487,86.72857142857141,7,-0.0020157006072527572
SGMPGA,2,0.0833333333333333,6.099999998230487,67.41666666666666,6,-0.0020157006072527572
PGGGQV,2,-0.3499999999999999,6.099999998230487,36.9,6,-0.0020157006072527572
TPSLPTP,2,-0.4571428571428572,6.099999998230487,63.60000000000001,7,-0.0020157006072527572
AAFPGA,3,1.0333333333333334,6.099999998230487,26.283333333333335,6,-0.0020157006072527572
PGSPGTPGS,1,-0.9222222222222223,6.099999998230487,48.27777777777777,9,-0.0020157006072527572
GSPGTPGS,1,-0.8375,6.099999998230487,53.06249999999999,8,-0.0020157006072527572
LSNVQS,1,-0.09999999999999998,6.099999998230487,81.56666666666666,6,-0.0020157006072527572
SSTGSI,5,0.16666666666666666,6.099999998230487,26.283333333333335,6,-0.0020157006072527572
PTPPT,2,-1.24,6.099999998230487,46.52,5,-0.0020157006072527572
SASLA,2,1.16,6.099999998230487,8.0,5,-0.0020157006072527572
TPSLP,3,-0.18,6.099999998230487,85.04,5,-0.0020157006072527572
PSLPT,2,-0.1800000000000001,6.099999998230487,85.04,5,-0.0020157006072527572
AAPPG,2,-2.2204460492503132e-17,6.099999998230487,85.04,5,-0.0020157006072527572
LPTPP,1,-0.3400000000000001,6.099999998230487,85.04,5,-0.0020157006072527572
GGGQV,1,-0.1,6.099999998230487,42.28,5,-0.0020157006072527572
PGGGS,2,-0.72,6.099999998230487,57.36,5,-0.0020157006072527572
GPSLG,1,0.12,6.099999998230487,46.52,5,-0.0020157006072527572
PAAAP,6,0.43999999999999995,6.099999998230487,85.04,5,-0.0020157006072527572
TGSSG,1,-0.62,6.099999998230487,29.540000000000003,5,-0.0020157006072527572
TPPAP,4,-0.74,6.099999998230487,123.55999999999999,5,-0.0020157006072527572
SSVTS,1,0.22000000000000003,6.099999998230487,29.540000000000003,5,-0.0020157006072527572
LQTPT,1,-0.54,6.099999998230487,73.2,5,-0.0020157006072527572
SPVVS,2,1.04,6.099999998230487,134.4,5,-0.0020157006072527572
AAAQP,1,0.06000000000000005,6.099999998230487,46.52,5,-0.0020157006072527572
PVVSG,1,1.12,6.099999998230487,46.52,5,-0.0020157006072527572
PGAPL,1,0.39999999999999997,6.099999998230487,29.540000000000003,5,-0.0020157006072527572
SPSSA,1,-0.44000000000000006,6.099999998230487,172.92000000000002,5,-0.0020157006072527572
PGTPG,3,-0.9400000000000002,6.099999998230487,-8.98,5,-0.0020157006072527572
GTPGS,1,-0.78,6.099999998230487,-8.98,5,-0.0020157006072527572
GAAPP,1,0.0,6.099999998230487,68.06,5,-0.0020157006072527572
QPGGG,1,-1.2600000000000002,6.099999998230487,95.88,5,-0.0020157006072527572
PGFPA,1,0.19999999999999996,6.099999998230487,85.04,5,-0.0020157006072527572
SSPGS,1,-0.8800000000000001,6.099999998230487,134.4,5,-0.0020157006072527572
ASPAQ,1,-0.45999999999999996,6.099999998230487,134.4,5,-0.0020157006072527572
LSNVSS,9,0.3500000000000001,6.099999998230487,40.43333333333334,6,-0.0020157006072527572
QPAAA,2,0.06000000000000005,6.099999998230487,85.04,5,-0.0020157006072527572
GSSGA,1,-0.11999999999999997,6.099999998230487,29.540000000000003,5,-0.0020157006072527572
GGGSV,1,0.44000000000000006,6.099999998230487,57.36,5,-0.0020157006072527572
AFPGA,1,0.8799999999999999,6.099999998230487,29.540000000000003,5,-0.0020157006072527572
PLQTP,2,-0.72,6.099999998230487,73.2,5,-0.0020157006072527572
PGSPG,3,-0.9600000000000002,6.099999998230487,95.88,5,-0.0020157006072527572
LATLA,2,2.1,6.099999998230487,8.0,5,-0.0020157006072527572
FPGAP,1,0.1999999999999999,6.099999998230487,68.06,5,-0.0020157006072527572
PGAPG,4,-0.44000000000000006,6.099999998230487,29.540000000000003,5,-0.0020157006072527572
LSNVS,3,0.5800000000000001,6.099999998230487,8.0,5,-0.0020157006072527572
PTPGS,1,-1.02,6.099999998230487,8.0,5,-0.0020157006072527572
SPGSP,1,-1.0400000000000003,6.099999998230487,183.76,5,-0.0020157006072527572
SSTGS,2,-0.7,6.099999998230487,29.540000000000003,5,-0.0020157006072527572
TAPLV,1,1.5,6.099999998230487,46.52,5,-0.0020157006072527572
PSSPA,4,-0.6000000000000002,6.099999998230487,211.44,5,-0.0020157006072527572
PPSSP,3,-1.28,6.099999998230487,211.44,5,-0.0020157006072527572
TPPSS,2,-1.1,6.099999998230487,123.55999999999999,5,-0.0020157006072527572
SNVSS,1,-0.33999999999999997,6.099999998230487,46.52,5,-0.0020157006072527572
GPPGL,4,-0.040000000000000036,6.099999998230487,46.52,5,-0.0020157006072527572
PPGLS,2,-0.12000000000000006,6.099999998230487,46.52,5,-0.0020157006072527572
QTAPV,1,0.040000000000000036,6.099999998230487,85.04,5,-0.0020157006072527572
SLGNI,2,0.72,6.099999998230487,78.89999999999999,5,-0.0020157006072527572
TAPVP,2,0.42000000000000004,6.099999998230487,123.55999999999999,5,-0.0020157006072527572
GAPLL,2,1.48,6.099999998230487,29.540000000000003,5,-0.0020157006072527572
VPGGGN,2,-0.3499999999999999,6.099999998230487,67.41666666666666,6,-0.0020157006072527572
GSLGN,1,-0.26000000000000006,6.099999998230487,-8.98,5,-0.0020157006072527572
PSLPTPP,3,-0.585714285714286,6.099999998230487,91.11428571428571,7,-0.0020157006072527572
GLMVGG,1,1.45,6.099999998230487,14.75,6,-0.0020157006072527572
APVPMP,1,0.5166666666666667,6.099999998230487,165.3,6,-0.0020157006072527572
QLMSGM,2,0.4833333333333332,6.099999998230487,81.56666666666666,6,-0.0020157006072527572
SPGSPG,39,-0.9333333333333336,6.099999998230487,154.79999999999998,6,-0.0020157006072527572
PGPPGL,87,-0.3000000000000001,6.099999998230487,40.43333333333334,6,-0.0020157006072527572
GAPLLP,11,0.9666666666666665,6.099999998230487,58.38333333333333,6,-0.0020157006072527572
PSSPAV,9,0.19999999999999987,6.099999998230487,177.86666666666667,6,-0.0020157006072527572
QPAAAP,12,-0.21666666666666665,6.099999998230487,104.63333333333333,6,-0.0020157006072527572
PGAPLLP,3,0.5999999999999999,6.099999998230487,51.471428571428575,7,-0.0020157006072527572
SPVVSG,4,0.7999999999999999,6.099999998230487,113.66666666666667,6,-0.0020157006072527572
PGPPGLS,7,-0.3714285714285715,6.099999998230487,36.08571428571429,7,-0.0020157006072527572
TGSSGA,8,-0.21666666666666667,6.099999998230487,12.133333333333335,6,-0.0020157006072527572
GPPGLS,14,-0.1666666666666667,6.099999998230487,40.43333333333334,6,-0.0020157006072527572
GGSVQI,1,0.6,6.099999998230487,28.900000000000002,6,-0.0020157006072527572
PSLPTP,10,-0.4166666666666668,6.099999998230487,72.53333333333335,6,-0.0020157006072527572
SLPTPP,9,-0.4166666666666667,6.099999998230487,72.53333333333335,6,-0.0020157006072527572
AAPPGQ,6,-0.5833333333333334,6.099999998230487,72.53333333333335,6,-0.0020157006072527572
TPSLPT,9,-0.26666666666666666,6.099999998230487,72.53333333333335,6,-0.0020157006072527572
GAIPLP,2,1.0833333333333337,6.099999998230487,21.483333333333334,6,-0.0020157006072527572
SPGTPG,11,-0.9166666666666666,6.099999998230487,67.41666666666666,6,-0.0020157006072527572
SPGTPGS,2,-0.9,6.099999998230487,59.21428571428571,7,-0.0020157006072527572
VSSTGS,3,0.11666666666666674,6.099999998230487,26.283333333333335,6,-0.0020157006072527572
GSLGNI,2,0.5333333333333333,6.099999998230487,67.41666666666666,6,-0.0020157006072527572
LMVGGV,1,2.2166666666666663,6.099999998230487,14.75,6,-0.0020157006072527572
PGSPGT,13,-0.9166666666666669,6.099999998230487,67.41666666666666,6,-0.0020157006072527572
GSVQIV,1,1.3666666666666665,6.099999998230487,-5.816666666666667,6,-0.0020157006072527572
VSSVTS,11,0.8833333333333334,6.099999998230487,26.283333333333335,6,-0.0020157006072527572
PGTPGS,15,-0.9166666666666669,6.099999998230487,-5.816666666666667,6,-0.0020157006072527572
GSPGTP,9,-0.9166666666666666,6.099999998230487,67.41666666666666,6,-0.0020157006072527572
PGGGSV,5,0.10000000000000009,6.099999998230487,49.46666666666667,6,-0.0020157006072527572
GAAPPG,13,-0.06666666666666667,6.099999998230487,58.38333333333333,6,-0.0020157006072527572
FPGAPG,10,0.09999999999999992,6.099999998230487,58.38333333333333,6,-0.0020157006072527572
QPSSPA,5,-1.0833333333333333,6.099999998230487,209.96666666666667,6,-0.0020157006072527572
PPQTAA,4,-0.6333333333333334,6.099999998230487,72.53333333333335,6,-0.0020157006072527572
PGAPLL,11,0.9666666666666667,6.099999998230487,26.283333333333335,6,-0.0020157006072527572
SPQLATLA,1,0.5749999999999998,6.099999998230487,87.75,8,-0.0020157006072527572
VPGGGS,5,0.10000000000000005,6.099999998230487,81.56666666666666,6,-0.0020157006072527572
SPLQTP,5,-0.7333333333333334,6.099999998230487,135.89999999999998,6,-0.0020157006072527572
PLIQPS,1,0.1333333333333332,6.099999998230487,72.53333333333335,6,-0.0020157006072527572
GGVVI,17,2.4200000000000004,6.099999998230487,32.68,5,-0.0020157006072527572
GVVIA,21,2.8600000000000003,6.099999998230487,8.0,5,-0.0020157006072527572
LVFFA,20,3.0800000000000005,6.099999998230487,8.0,5,-0.0020157006072527572
VGGVVI,3,2.716666666666667,6.099999998230487,14.75,6,-0.0020157006072527572
SSPGSP,19,-1.0,6.099999998230487,186.9,6,-0.0020157006072527572
GLMVG,10,1.8199999999999998,6.099999998230487,-8.98,5,-0.0020157006072527572
GGVVIA,2,2.316666666666667,6.099999998230487,28.900000000000002,6,-0.0020157006072527572
LMVGG,13,1.8199999999999996,6.099999998230487,15.7,5,-0.0020157006072527572
MVGGV,13,1.9,6.099999998230487,15.7,5,-0.0020157006072527572
SSPGSPG,2,-0.9142857142857144,6.099999998230487,161.62857142857143,7,-0.0020157006072527572
IGLMVG,1,2.2666666666666666,6.099999998230487,-5.816666666666667,6,-0.0020157006072527572
VGGVV,39,2.3600000000000003,6.099999998230487,15.7,5,-0.0020157006072527572
AIIGL,28,2.84,6.099999998230487,8.0,5,-0.0020157006072527572
GAIIG,23,2.0,6.099999998230487,-8.98,5,-0.0020157006072527572
PQLATLA,1,0.7714285714285715,6.099999998230487,36.08571428571429,7,-0.0020157006072527572
AIIGLM,1,2.683333333333333,6.099999998230487,8.333333333333334,6,-0.0020157006072527572
IGLMV,6,2.8,6.099999998230487,8.0,5,-0.0020157006072527572
SPQLATL,2,0.3999999999999999,6.099999998230487,98.85714285714286,7,-0.0020157006072527572
MVGGVV,3,2.283333333333333,6.099999998230487,14.75,6,-0.0020157006072527572
CGSKDN,1,-1.5999999999999999,6.160569088067859,8.333333333333334,6,-0.06383896622961016
CGSKDNI,1,-0.7285714285714285,6.160569088067859,71.34285714285714,7,-0.06383896622961016
YGLGDR,2,-1.05,6.3318953779526055,-18.383333333333336,6,-0.0024229419708108324
PVDFLSK,1,0.1428571428571428,6.3373671672306955,3.8428571428571456,7,-0.0018642503042520797
PVDLSKV,4,0.34285714285714286,6.3373671672306955,2.4857142857142884,7,-0.0018642503042520797
DAGLK,1,-0.44000000000000006,6.3373671672306955,-8.98,5,-0.0018642503042520797
VDLSKV,5,0.6666666666666666,6.3373671672306955,-30.866666666666664,6,-0.0018642503042520797
DSPPSK,3,-2.0333333333333337,6.3373671672306955,177.86666666666667,6,-0.0018642503042520797
PVDLSK,5,-0.30000000000000004,6.3373671672306955,15.383333333333338,6,-0.0018642503042520797
PDLKNV,4,-0.7499999999999999,6.3373671672306955,-18.383333333333336,6,-0.0018642503042520797
TSDAK,1,-1.42,6.3373671672306955,8.0,5,-0.0018642503042520797
VDFLSK,1,0.43333333333333335,6.3373671672306955,-29.28333333333333,6,-0.0018642503042520797
KDGTG,1,-1.78,6.3373671672306955,-25.96,5,-0.0018642503042520797
GADGKT,1,-1.1833333333333333,6.3373671672306955,-34.11666666666667,6,-0.0018642503042520797
DLSKVT,2,-0.15000000000000002,6.3373671672306955,-19.96666666666667,6,-0.0018642503042520797
GADGK,1,-1.28,6.3373671672306955,-42.94,5,-0.0018642503042520797
SKDGTG,6,-1.6166666666666665,6.3373671672306955,-19.96666666666667,6,-0.0018642503042520797
VDLSK,1,-0.039999999999999945,6.3373671672306955,-22.06,5,-0.0018642503042520797
DVGSNK,2,-1.3166666666666667,6.3373671672306955,33.65,6,-0.0018642503042520797
DFLSK,1,-0.32,6.3373671672306955,-7.08,5,-0.0018642503042520797
GSKDNI,1,-1.2666666666666666,6.3373671672306955,81.56666666666666,6,-0.0018642503042520797
KGADG,1,-1.28,6.3373671672306955,-42.94,5,-0.0018642503042520797
KDGTGS,2,-1.616666666666667,6.3373671672306955,-19.96666666666667,6,-0.0018642503042520797
KLDLSN,2,-0.6833333333333335,6.3373671672306955,-5.816666666666667,6,-0.0018642503042520797
KPVDLS,2,-0.3,6.3373671672306955,2.8166666666666718,6,-0.0018642503042520797
TDAGLK,1,-0.4833333333333334,6.3373671672306955,-5.816666666666667,6,-0.0018642503042520797
PAQDGR,1,-1.95,6.338718596380204,72.53333333333335,6,-0.001572527752497943
GDRSG,1,-1.9200000000000004,6.338718596380204,80.8,5,-0.001572527752497943
GDTSPR,1,-1.9166666666666667,6.338718596380204,43.949999999999996,6,-0.001572527752497943
SGDRSG,6,-1.7333333333333334,6.338718596380204,69.0,6,-0.001572527752497943
EIVYKS,2,-0.13333333333333328,6.40200117090717,13.716666666666669,6,-0.00138602593175996
APELLK,5,0.06666666666666665,6.408795645926148,55.25,6,-0.0005356117134470706
QVEVKS,1,-0.5499999999999999,6.408795645926148,-9.033333333333333,6,-0.0005356117134470706
KVSTEI,1,-0.033333333333333215,6.408795645926148,58.38333333333333,6,-0.0005356117134470706
ESGKVV,2,-0.033333333333333215,6.408795645926148,12.133333333333335,6,-0.0005356117134470706
PSEKQP,1,-2.4833333333333334,6.408795645926148,144.10000000000002,6,-0.0005356117134470706
EKQPAA,1,-1.4833333333333332,6.408795645926148,112.0,6,-0.0005356117134470706
KVVQEG,1,-0.48333333333333334,6.408795645926148,26.283333333333335,6,-0.0005356117134470706
EGPPLK,5,-1.2,6.408795645926148,26.283333333333335,6,-0.0005356117134470706
SGEPPK,1,-1.9666666666666668,6.408795645926148,59.966666666666676,6,-0.0005356117134470706
KESPLQ,1,-1.5833333333333333,6.408795645926148,168.00000000000003,6,-0.0005356117134470706
EPPKS,1,-2.2800000000000002,6.408795645926148,85.04,5,-0.0005356117134470706
QKEQA,1,-2.52,6.408795645926148,46.52,5,-0.0005356117134470706
SKVSTE,3,-0.9166666666666666,6.408795645926148,26.283333333333335,6,-0.0005356117134470706
TENLK,1,-1.56,6.408795645926148,29.540000000000003,5,-0.0005356117134470706
QEGPPLK,1,-1.5285714285714285,6.408795645926148,51.471428571428575,7,-0.0005356117134470706
QVEVK,1,-0.4999999999999999,6.408795645926148,-12.84,5,-0.0005356117134470706
PELLK,1,-0.27999999999999997,6.408795645926148,25.779999999999994,5,-0.0005356117134470706
AGLKES,1,-0.5000000000000001,6.408795645926148,26.283333333333335,6,-0.0005356117134470706
LKESPL,4,-0.3666666666666667,6.408795645926148,99.51666666666667,6,-0.0005356117134470706
STENLK,2,-1.4333333333333333,6.408795645926148,26.283333333333335,6,-0.0005356117134470706
SSGAKE,4,-1.2666666666666666,6.408795645926148,26.283333333333335,6,-0.0005356117134470706
GEPPKS,4,-1.9666666666666668,6.408795645926148,59.966666666666676,6,-0.0005356117134470706
KESPL,1,-1.2000000000000002,6.408795645926148,134.4,5,-0.0005356117134470706
EPPSSPK,1,-1.9714285714285713,6.408795645926148,181.4,7,-0.0005356117134470706
KVVQE,1,-0.5,6.408795645926148,29.540000000000003,5,-0.0005356117134470706
KIGSTEN,1,-1.1857142857142857,6.408795645926148,23.957142857142863,7,-0.0005356117134470706
KIGSTE,1,-0.7999999999999999,6.408795645926148,26.283333333333335,6,-0.0005356117134470706
VQKEQA,4,-1.3999999999999997,6.408795645926148,40.43333333333334,6,-0.0005356117134470706
GKVVQE,1,-0.4833333333333332,6.408795645926148,12.133333333333335,6,-0.0005356117134470706
GQVEVK,1,-0.4833333333333332,6.408795645926148,-9.033333333333333,6,-0.0005356117134470706
GLKESP,4,-1.0666666666666667,6.408795645926148,99.51666666666667,6,-0.0005356117134470706
EGAPGK,5,-1.3333333333333333,6.408795645926148,12.133333333333335,6,-0.0005356117134470706
EPPKSG,1,-1.9666666666666668,6.408795645926148,72.53333333333335,6,-0.0005356117134470706
PEGPR,1,-2.32,6.410149741452187,27.68,5,-0.00024388916169293395
REPGPP,3,-2.1999999999999997,6.410149741452187,72.53333333333335,6,-0.00024388916169293395
AREAT,1,-1.02,6.410149741452187,8.0,5,-0.00024388916169293395
AAREA,4,-0.5200000000000001,6.410149741452187,8.0,5,-0.00024388916169293395
TAARE,4,-1.02,6.410149741452187,8.0,5,-0.00024388916169293395
TEGGR,1,-1.9,6.410149741452187,71.2,5,-0.00024388916169293395
FRENA,1,-1.38,6.410149741452187,8.0,5,-0.00024388916169293395
PEARG,2,-1.64,6.410149741452187,25.779999999999994,5,-0.00024388916169293395
ARGPSLGE,1,-0.7,6.410149741452187,12.787500000000005,8,-0.00024388916169293395
LREPGP,1,-1.3,6.410149741452187,72.53333333333335,6,-0.00024388916169293395
TPPTRE,2,-2.1,6.410149741452187,40.43333333333334,6,-0.00024388916169293395
QTAARE,2,-1.4333333333333336,6.410149741452187,8.333333333333334,6,-0.00024388916169293395
GFLREP,1,-0.5666666666666668,6.410149741452187,72.53333333333335,6,-0.00024388916169293395
EARGPS,3,-1.5000000000000002,6.410149741452187,26.283333333333335,6,-0.00024388916169293395
AAREAT,1,-0.5500000000000002,6.410149741452187,8.333333333333334,6,-0.00024388916169293395
AREATS,1,-0.9833333333333334,6.410149741452187,8.333333333333334,6,-0.00024388916169293395
LPEGPR,2,-1.3,6.410149741452187,56.833333333333336,6,-0.00024388916169293395
PEARGP,3,-1.633333333333333,6.410149741452187,23.149999999999995,6,-0.00024388916169293395
GPEARG,3,-1.4333333333333333,6.410149741452187,23.149999999999995,6,-0.00024388916169293395
GPREAT,1,-1.4833333333333332,6.410149741452187,-4.233333333333333,6,-0.00024388916169293395
VQEGFLR,1,-0.15714285714285717,6.410149741452187,63.60000000000001,7,-0.00024388916169293395
TAAREA,8,-0.5499999999999999,6.410149741452187,8.333333333333334,6,-0.00024388916169293395
FLREPGP,1,-0.7142857142857143,6.410149741452187,63.60000000000001,7,-0.00024388916169293395
FLREPG,1,-0.5666666666666668,6.410149741452187,72.53333333333335,6,-0.00024388916169293395
REATSI,1,-0.5333333333333333,6.410149741452187,8.333333333333334,6,-0.00024388916169293395
QEGFLR,1,-0.8833333333333334,6.410149741452187,72.53333333333335,6,-0.00024388916169293395
RGPSLGE,1,-1.0571428571428572,6.410149741452187,13.185714285714287,7,-0.00024388916169293395
SDDKK,2,-3.12,6.4473000331781805,-8.98,5,-0.0017128000012514022
GSDDKK,2,-2.6666666666666665,6.4473000331781805,-5.816666666666667,6,-0.0017128000012514022
KLDFKD,2,-1.3666666666666665,6.4473000331781805,-43.43333333333334,6,-0.0017128000012514022
DRKDQ,1,-3.78,6.448645731899887,-7.08,5,-0.0014210774494972656
KSEKLD,4,-1.9666666666666668,6.492975460831076,26.283333333333335,6,-0.00038416141044639307
EKLDFK,1,-1.366666666666667,6.492975460831076,-43.43333333333334,6,-0.00038416141044639307
YEVHH,1,-1.4,6.497538426425308,-7.08,5,-0.819272810261574
EVHHQ,4,-1.8399999999999999,6.497749819885939,8.0,5,-0.8184223960432611
EVKSEK,2,-1.9000000000000001,6.5307594472542405,35.63333333333333,6,0.000944477180358616
GGYTMH,1,-0.6833333333333332,7.542349207215011,96.06666666666666,6,0.08804297608352529
HAGTY,1,-0.76,7.542349207215011,-8.98,5,0.08804297608352529
HAGTYG,1,-0.7000000000000001,7.542349207215011,-19.96666666666667,6,0.08804297608352529
DNIKHV,1,-0.9000000000000002,7.549350681714714,67.41666666666666,6,0.08904484060483875
DNIKHVP,1,-1.0000000000000002,7.549350681714714,86.72857142857141,7,0.08904484060483875
DNIKHVPG,1,-0.925,7.549350681714714,77.13749999999999,8,0.08904484060483875
AKTDHG,1,-1.6500000000000001,7.549350681714714,-8.949999999999998,6,0.08904484060483875
DNIKHVPGG,1,-0.8666666666666667,7.549350681714714,83.38888888888889,9,0.08904484060483875
DNIKHVPGGG,1,-0.8200000000000001,7.549350681714714,88.39,10,0.08904484060483875
IETHKL,2,-0.5000000000000001,7.549726882018149,106.88333333333334,6,0.09037347919564387
ELLKH,3,-0.6000000000000001,7.549726882018149,-8.98,5,0.09037347919564387
ELLKHQ,2,-1.0833333333333333,7.549726882018149,-5.816666666666667,6,0.09037347919564387
HVPGGGN,2,-0.7571428571428571,7.550323993898928,59.21428571428571,7,0.08889339030183807
PGLSHQ,1,-0.9500000000000001,7.550323993898928,8.333333333333334,6,0.08889339030183807
GLSHQL,1,-0.05000000000000012,7.550323993898928,8.333333333333334,6,0.08889339030183807
HLSNVS,1,-0.05000000000000001,7.550323993898928,8.333333333333334,6,0.08889339030183807
HVPGGG,4,-0.3,7.550323993898928,81.56666666666666,6,0.08889339030183807
PPGLSH,1,-0.6333333333333334,7.550323993898928,40.43333333333334,6,0.08889339030183807
AAAQPH,1,-0.48333333333333334,7.550323993898928,40.43333333333334,6,0.08889339030183807
HQPGGG,2,-1.5833333333333337,7.550323993898928,81.56666666666666,6,0.08889339030183807
AAQPHT,1,-0.9,7.550323993898928,27.86666666666667,6,0.08889339030183807
FRHDS,7,-1.8400000000000003,7.550936504267156,85.04,5,0.089336563156593
RHDSG,7,-2.48,7.550936504267156,85.04,5,0.089336563156593
EHLGR,1,-1.56,7.5513127176091075,-7.08,5,0.09066520174739812
AEFRH,3,-1.32,7.5513127176091075,46.52,5,0.0906652017473979
EGGRHA,3,-1.7,7.5513127176091075,61.0,6,0.0906652017473979
KCGSKDNI,1,-1.125,8.540492971427739,63.675,8,0.9358659999183858
CGSKDNIK,1,-1.125,8.540492971427739,53.06249999999999,8,0.9358659999183858
KCGSKDN,1,-1.9285714285714286,8.540492971427739,8.571428571428571,7,0.9358659999183858
SKCGSKDNI,1,-1.0888888888888888,8.540492971427739,57.71111111111111,9,0.9358659999183858
SKCGSKD,1,-1.542857142857143,8.540492971427739,8.571428571428571,7,0.9358659999183858
QSKCGSKDNI,1,-1.33,8.540492971427739,96.88,10,0.9358659999183858
KCGSKD,1,-1.6666666666666667,8.540492971427739,8.333333333333334,6,0.9358659999183858
QSKCGSKDN,1,-1.9777777777777779,8.540492971427739,57.71111111111111,9,0.9358659999183858
QSKCGSKD,1,-1.7875,8.540492971427739,63.675,8,0.9358659999183858
SKCGSKDN,1,-1.7874999999999999,8.540492971427739,8.75,8,0.9358659999183858
VTSKCG,1,0.15000000000000005,8.545189979486167,-5.816666666666667,6,0.9357145496153849
SKCGSL,1,0.06666666666666658,8.545189979486167,8.333333333333334,6,0.9357145496153849
TSKCGSL,1,-0.04285714285714296,8.545189979486167,8.571428571428571,7,0.9357145496153849
VTSKCGSL,1,0.48749999999999993,8.545189979486167,-1.8625000000000003,8,0.9357145496153849
QSKCGS,1,-1.15,8.545189979486167,81.56666666666666,6,0.9357145496153849
PCLSPK,2,-0.2666666666666668,8.545189979486167,101.09999999999998,6,0.9357145496153849
KCGSL,1,0.24000000000000005,8.545189979486167,8.0,5,0.9357145496153849
VTSKCGS,1,0.014285714285714315,8.545189979486167,-3.5571428571428574,7,0.9357145496153849
TSKCGS,1,-0.6833333333333335,8.545189979486167,8.333333333333334,6,0.9357145496153849
CGSKDNIKHV,1,-0.7999999999999999,8.54805872682482,44.449999999999996,10,1.0267750908274766
CGSKDNIKH,1,-1.3555555555555554,8.54805872682482,48.27777777777777,9,1.0267750908274766
CGSKDNIKHVPGG,1,-0.8,8.54805872682482,60.80769230769231,13,1.0267750908274766
CGSKDNIKHVPG,1,-0.8333333333333334,8.54805872682482,54.758333333333326,12,1.0267750908274766
CGSKDNIKHVP,1,-0.8727272727272727,8.54805872682482,58.82727272727272,11,1.0267750908274766
CGSKDNIKHVPGGG,1,-0.7714285714285715,8.54805872682482,65.99285714285715,14,1.0267750908274766
NRPCLS,1,-0.6833333333333332,8.549912034533918,59.966666666666676,6,0.9360062721671392
