Reference_sequence_segment,total_matching,hydrophobicity,isoelectic_point,instability,length,charge
VGSNK,15,-0.8800000000000001,9.700002531521022,38.379999999999995,5,0.9976892655407432
PGTPGS,15,-0.9166666666666669,6.099999998230487,-5.816666666666667,6,-0.0020157006072527572
GGVVI,17,2.4200000000000004,6.099999998230487,32.68,5,-0.0020157006072527572
SSPGSP,19,-1.0,6.099999998230487,186.9,6,-0.0020157006072527572
LVFFA,20,3.0800000000000005,6.099999998230487,8.0,5,-0.0020157006072527572
GVVIA,21,2.8600000000000003,6.099999998230487,8.0,5,-0.0020157006072527572
GAIIG,23,2.0,6.099999998230487,-8.98,5,-0.0020157006072527572
EDVGS,24,-0.8,3.5500735570676625,29.540000000000003,5,-1.9997940937064382
SRSRTP,25,-2.15,12.500109306536615,145.76666666666668,6,1.997977676792247
AIIGL,28,2.84,6.099999998230487,8.0,5,-0.0020157006072527572
AEDVG,31,-0.27999999999999997,3.5500735570676625,29.540000000000003,5,-1.9997940937064382
VGGVV,39,2.3600000000000003,6.099999998230487,15.7,5,-0.0020157006072527572
SPGSPG,39,-0.9333333333333336,6.099999998230487,154.79999999999998,6,-0.0020157006072527572
EPGPPG,57,-1.5166666666666666,3.849983240943402,72.53333333333335,6,-1.000240577861443
PGPPGL,87,-0.3000000000000001,6.099999998230487,40.43333333333334,6,-0.0020157006072527572
